{
  "100": {
    "Malicious Script Download": [
      10,
      5,
      3,
      2,
      1.0,
      0.0,
      1,
      10
    ]
  },
  "14": {
    "Potential SMB Bruteforce Attack": [
      2,
      2,
      1,
      1,
      0.0,
      0.0,
      1,
      2
    ]
  },
  "18": {
    "Potential ThinkPHP RCE Exploitation Attempt": [
      267,
      261,
      2,
      1.0229885057471264,
      0.15015465060444594,
      0.01,
      1,
      253
    ]
  },
  "21": {
    "CVE-2015-8562 Exploit": [
      23,
      9,
      5,
      2.5555555555555554,
      1.509230856356236,
      0.0,
      1,
      11
    ],
    "CVE-2019-16759 Exploit": [
      75,
      23,
      6,
      3.260869565217391,
      1.7377464849194206,
      0.08,
      1,
      30
    ]
  },
  "23": {
    "CVE-2020-8193 Exploit": [
      8,
      8,
      1,
      1,
      0.0,
      0.0,
      1,
      5
    ],
    "CVE-2022-22947 Exploit": [
      1,
      1,
      1,
      1,
      0.0,
      0.0,
      1,
      1
    ],
    "Solarwinds Orion Local File Inclusion": [
      19,
      19,
      1,
      1,
      0.0,
      0.0,
      1,
      12
    ]
  },
  "25": {
    "CVE-2019-16759 Exploit": [
      32,
      9,
      6,
      3.5555555555555554,
      2.242270674512285,
      0.0,
      1,
      3
    ],
    "Solarwinds Orion Local File Inclusion": [
      8,
      8,
      1,
      1,
      0.0,
      0.0,
      1,
      2
    ]
  },
  "3": {
    "Remote code execution vBulletin prior v5.6.2": [
      1,
      1,
      1,
      1,
      0.0,
      0.0,
      1,
      1
    ]
  },
  "30": {
    "Malicious Document Download": [
      4,
      2,
      2,
      2,
      0.0,
      0.0,
      2.0,
      3
    ],
    "Malicious archive download": [
      53,
      47,
      3,
      1.127659574468085,
      0.3965624725495311,
      0.06,
      1.2352941176470589,
      50
    ]
  },
  "38": {
    "CVE-2021-44228 Exploit": [
      3,
      3,
      1,
      1,
      0.0,
      0.0,
      1,
      1
    ]
  },
  "4": {
    "Possible Apache Struts OGNL Exploit Attempt": [
      34,
      8,
      7,
      4.25,
      2.052872551885702,
      0.0,
      1,
      21
    ]
  },
  "41": {
    "Netgear DGN1000-DGN2200 CI Exploit": [
      3,
      3,
      1,
      1,
      0.0,
      0.0,
      1,
      1
    ]
  },
  "43": {
    "CVE-2019-16662 Exploit": [
      1,
      1,
      1,
      1,
      0.0,
      0.0,
      1,
      1
    ]
  },
  "44": {
    "CVE-2021-44228 Exploit": [
      65,
      19,
      10,
      3.4210526315789473,
      2.316985337163699,
      0.15,
      1,
      13
    ]
  },
  "48": {
    "Unusual AWS Enumeration": [
      1253,
      104,
      22,
      12.048076923076923,
      4.964690484378243,
      0.02,
      1,
      75
    ]
  },
  "5": {
    "ConnectWise Control": [
      2,
      1,
      2,
      2,
      0.0,
      0.0,
      1,
      2
    ],
    "Netgear DGN1000-DGN2200 CI Exploit": [
      4,
      4,
      1,
      1,
      0.0,
      0.0,
      1,
      3
    ],
    "Potential Web Shell Command": [
      4,
      4,
      1,
      1,
      0.0,
      0.0,
      1,
      1
    ]
  },
  "53": {
    "CVE-2020-14882 Exploit": [
      653,
      130,
      18,
      5.023076923076923,
      4.364169446215085,
      0.03,
      1,
      277
    ],
    "Hikvision IP Camera 5.4.0 ID Exploit": [
      2,
      2,
      1,
      1,
      0.0,
      0.0,
      1,
      1
    ]
  },
  "56": {
    "CVE-2020-14092 Exploit": [
      2,
      2,
      1,
      1,
      0.0,
      0.0,
      1,
      2
    ],
    "VMware vCenter File Read Vulnerability": [
      3,
      3,
      1,
      1,
      0.0,
      0.0,
      1,
      2
    ]
  },
  "60": {
    "CVE-2012-3845 Exploit": [
      1,
      1,
      1,
      1,
      0.0,
      0.0,
      1,
      1
    ],
    "CVE-2013-1599 Exploit": [
      2,
      2,
      1,
      1,
      0.0,
      0.0,
      1,
      2
    ]
  },
  "65": {
    "CVE-2013-1599 Exploit": [
      18,
      14,
      2,
      1.2857142857142858,
      0.4688072309384954,
      0.0,
      1,
      1
    ],
    "CVE-2014-9118 Exploit": [
      2,
      2,
      1,
      1,
      0.0,
      0.0,
      1,
      2
    ]
  },
  "66": {
    "Malicious Script Download": [
      5,
      4,
      2,
      1.25,
      0.5,
      0.0,
      1,
      1
    ]
  },
  "7": {
    "MadAngel": [
      2,
      1,
      2,
      2,
      0.0,
      0.0,
      1,
      1
    ],
    "Possible Apache Struts OGNL Exploit Attempt": [
      41,
      13,
      6,
      3.1538461538461537,
      1.214231845389905,
      0.0,
      1,
      18
    ]
  },
  "70": {
    "AsyncRAT": [
      222,
      114,
      6,
      1.9473684210526316,
      1.2610018861484906,
      0.03,
      2.25,
      192
    ],
    "Cardinal RAT": [
      20,
      20,
      1,
      1,
      0.0,
      0.0,
      1.0,
      13
    ],
    "FTP File Upload to a Public Server": [
      1,
      1,
      1,
      1,
      0.0,
      0.0,
      1.0,
      1
    ],
    "RedLine Stealer": [
      1371,
      223,
      12,
      6.147982062780269,
      2.9607922849520807,
      0.01,
      6.535398230088496,
      1214
    ],
    "RookIE": [
      1,
      1,
      1,
      1,
      0.0,
      0.0,
      1.0,
      1
    ]
  },
  "75": {
    "CVE-2020-3452 Exploit": [
      8,
      8,
      1,
      1,
      0.0,
      0.0,
      1,
      6
    ],
    "Lyceum": [
      1,
      1,
      1,
      1,
      0.0,
      0.0,
      1,
      1
    ]
  },
  "8": {
    "CVE-2017-8496 Exploit": [
      1,
      1,
      1,
      1,
      0.0,
      0.0,
      1,
      1
    ],
    "CVE-2018-20062 Exploit": [
      9,
      9,
      1,
      1,
      0.0,
      0.0,
      1,
      6
    ],
    "CVE-2020-14882 Exploit": [
      1,
      1,
      1,
      1,
      0.0,
      0.0,
      1,
      1
    ],
    "CVE-2020-5410 Exploit": [
      105,
      29,
      14,
      3.6206896551724137,
      4.304597153073248,
      0.13,
      1,
      103
    ],
    "CVE-2020-7961 Exploit": [
      1,
      1,
      1,
      1,
      0.0,
      0.0,
      1,
      1
    ]
  },
  "80": {
    "Tiny": [
      1,
      1,
      1,
      1,
      0.0,
      0.0,
      1,
      1
    ]
  }
}